-- phpMyAdmin SQL Dump
-- version 5.2.1
-- https://www.phpmyadmin.net/
--
-- Host: 127.0.0.1
-- Generation Time: Apr 15, 2024 at 02:17 PM
-- Server version: 10.4.28-MariaDB
-- PHP Version: 8.2.4

SET SQL_MODE = "NO_AUTO_VALUE_ON_ZERO";
START TRANSACTION;
SET time_zone = "+00:00";


/*!40101 SET @OLD_CHARACTER_SET_CLIENT=@@CHARACTER_SET_CLIENT */;
/*!40101 SET @OLD_CHARACTER_SET_RESULTS=@@CHARACTER_SET_RESULTS */;
/*!40101 SET @OLD_COLLATION_CONNECTION=@@COLLATION_CONNECTION */;
/*!40101 SET NAMES utf8mb4 */;

--
-- Database: `agridata_dynamics`
--

-- --------------------------------------------------------

--
-- Table structure for table `contact`
--

CREATE TABLE `contact` (
  `id` int(11) NOT NULL,
  `name` varchar(255) NOT NULL,
  `email` varchar(255) NOT NULL,
  `message` text NOT NULL
) ENGINE=InnoDB DEFAULT CHARSET=utf8mb4 COLLATE=utf8mb4_general_ci;

--
-- Dumping data for table `contact`
--

INSERT INTO `contact` (`id`, `name`, `email`, `message`) VALUES
(1, 'John Doe', 'john@example.com', 'We are interested in hiring your services for our agricultural project. Please provide us with more information about your offerings and pricing.'),
(2, 'Jane Smith', 'jane@example.com', 'I am reaching out to inquire about potential collaboration opportunities. Our company is looking to partner with innovative agricultural technology providers to enhance our operations.'),
(3, 'Michael Brown', 'michael@example.com', 'I have a question about your product offerings and would like to schedule a demo. Can you please provide me with more information about your solutions and how they can benefit my farm?'),
(4, 'Emily Wilson', 'emily@example.com', 'We are impressed by your commitment to sustainable agriculture and would like to discuss how we can work together to promote environmental stewardship in the farming community.'),
(5, 'David Taylor', 'david@example.com', 'I am interested in learning more about your company and the services you offer. Can you please send me some additional information?'),
(6, 'Sarah Johnson', 'sarah@example.com', 'We are exploring options for optimizing our farm operations and are interested in your technology solutions. Can you provide us with details on your platform and how it can help improve our efficiency and productivity?'),
(7, 'James Wilson', 'james@example.com', 'I have a question about one of your products and would like to speak with a representative. Can you please have someone contact me at your earliest convenience?'),
(8, 'Emma Davis', 'emma@example.com', 'We are considering implementing new technology on our farm and would like to get a better understanding of the features and capabilities of your platform. Can you provide us with a demo or product demonstration?');

-- --------------------------------------------------------

--
-- Table structure for table `crop`
--

CREATE TABLE `crop` (
  `crop_id` int(5) NOT NULL,
  `crop_name` varchar(20) DEFAULT NULL,
  `time` varchar(12) DEFAULT NULL
) ENGINE=InnoDB DEFAULT CHARSET=utf8 COLLATE=utf8_general_ci;

--
-- Dumping data for table `crop`
--

INSERT INTO `crop` (`crop_id`, `crop_name`, `time`) VALUES
(10901, 'Maize', 'spring'),
(10902, 'Wheat', 'summer'),
(10903, 'Potato', 'auttonm'),
(10904, 'Rice', 'summer'),
(10905, 'sugarcane', 'auttonm');

-- --------------------------------------------------------

--
-- Table structure for table `division`
--

CREATE TABLE `division` (
  `div_id` int(4) NOT NULL,
  `division_name` varchar(10) DEFAULT NULL,
  `area` int(5) DEFAULT NULL
) ENGINE=InnoDB DEFAULT CHARSET=utf8 COLLATE=utf8_general_ci;

--
-- Dumping data for table `division`
--

INSERT INTO `division` (`div_id`, `division_name`, `area`) VALUES
(1001, 'Dhaka', 28219),
(1002, 'Rangpur', 19899),
(1003, 'Barisal', 17453),
(1004, 'Khulna', 18020),
(1005, 'Chittagong', 16415),
(1006, 'Sylhet', 14803),
(1007, 'Rajshahi', 18985);

-- --------------------------------------------------------

--
-- Table structure for table `fertilizer`
--

CREATE TABLE `fertilizer` (
  `fd_id` int(11) NOT NULL,
  `div_id` int(4) DEFAULT NULL,
  `crop_id` int(12) DEFAULT NULL,
  `Year` int(4) DEFAULT NULL,
  `urea` int(12) DEFAULT NULL,
  `tsp` int(12) DEFAULT NULL,
  `mp` int(12) DEFAULT NULL,
  `dap` int(12) DEFAULT NULL
) ENGINE=InnoDB DEFAULT CHARSET=utf8 COLLATE=utf8_general_ci;

--
-- Dumping data for table `fertilizer`
--

INSERT INTO `fertilizer` (`fd_id`, `div_id`, `crop_id`, `Year`, `urea`, `tsp`, `mp`, `dap`) VALUES
(1, 1003, 10901, 2008, 2640, 950, 934, 594),
(2, 1003, 10901, 2009, 2638, 948, 933, 593),
(3, 1003, 10901, 2010, 2356, 706, 690, 439),
(4, 1003, 10901, 2011, 2818, 1102, 1087, 691),
(5, 1003, 10901, 2012, 2139, 520, 505, 321),
(6, 1003, 10901, 2013, 2170, 547, 531, 338),
(7, 1003, 10901, 2014, 2303, 661, 645, 411),
(8, 1003, 10901, 2015, 2149, 529, 514, 327),
(9, 1003, 10901, 2016, 2296, 655, 639, 407),
(10, 1003, 10901, 2017, 2546, 870, 854, 543),
(11, 1003, 10905, 2008, 2661, 968, 952, 606),
(12, 1003, 10905, 2009, 2303, 661, 645, 410),
(13, 1003, 10905, 2010, 2731, 1028, 1012, 644),
(14, 1003, 10905, 2011, 2359, 709, 693, 441),
(15, 1003, 10905, 2012, 2492, 823, 807, 513),
(16, 1003, 10905, 2013, 2691, 993, 978, 622),
(17, 1003, 10905, 2014, 2296, 655, 639, 407),
(18, 1003, 10905, 2015, 2739, 1035, 1019, 648),
(19, 1003, 10905, 2016, 2350, 702, 686, 436),
(20, 1003, 10905, 2017, 2074, 465, 449, 286),
(21, 1003, 10903, 2008, 2975, 1237, 1221, 777),
(22, 1003, 10903, 2009, 3181, 1414, 1398, 889),
(23, 1003, 10903, 2010, 3312, 1526, 1510, 961),
(24, 1003, 10903, 2011, 2977, 1238, 1223, 778),
(25, 1003, 10903, 2012, 3352, 1560, 1545, 983),
(26, 1003, 10903, 2013, 3054, 1305, 1289, 820),
(27, 1003, 10903, 2014, 2983, 1244, 1229, 782),
(28, 1003, 10903, 2015, 2936, 1204, 1188, 756),
(29, 1003, 10903, 2016, 3009, 1266, 1250, 795),
(30, 1003, 10903, 2017, 3411, 1610, 1595, 1015),
(31, 1003, 10904, 2008, 3307, 1521, 1506, 958),
(32, 1003, 10904, 2009, 4305, 2377, 2361, 1502),
(33, 1003, 10904, 2010, 3454, 1648, 1632, 1038),
(34, 1003, 10904, 2011, 4081, 2185, 2169, 1380),
(35, 1003, 10904, 2012, 4133, 2229, 2214, 1409),
(36, 1003, 10904, 2013, 3220, 1447, 1431, 911),
(37, 1003, 10904, 2014, 3191, 1422, 1406, 895),
(38, 1003, 10904, 2015, 2847, 1127, 1112, 707),
(39, 1003, 10904, 2016, 4213, 2298, 2283, 1452),
(40, 1003, 10904, 2017, 4763, 2770, 2754, 1753),
(41, 1003, 10902, 2008, 2500, 830, 814, 518),
(42, 1003, 10902, 2009, 2697, 999, 983, 625),
(43, 1003, 10902, 2010, 2691, 993, 978, 622),
(44, 1003, 10902, 2011, 2765, 1057, 1042, 663),
(45, 1003, 10902, 2012, 2400, 745, 729, 464),
(46, 1003, 10902, 2013, 2858, 1137, 1121, 713),
(47, 1003, 10902, 2014, 2488, 819, 804, 511),
(48, 1003, 10902, 2015, 2913, 1184, 1168, 743),
(49, 1003, 10902, 2016, 2477, 811, 795, 506),
(50, 1003, 10902, 2017, 2697, 999, 983, 625),
(51, 1005, 10901, 2008, 2566, 887, 871, 554),
(52, 1005, 10901, 2009, 2288, 648, 632, 402),
(53, 1005, 10901, 2010, 1787, 219, 203, 129),
(54, 1005, 10901, 2011, 2553, 876, 860, 547),
(55, 1005, 10901, 2012, 2043, 438, 423, 269),
(56, 1005, 10901, 2013, 1880, 299, 283, 180),
(57, 1005, 10901, 2013, 2309, 666, 651, 414),
(58, 1005, 10901, 2014, 2642, 952, 936, 596),
(59, 1005, 10901, 2015, 2423, 764, 748, 476),
(60, 1005, 10901, 2016, 2569, 889, 873, 555),
(61, 1005, 10901, 2017, 2739, 1035, 1019, 648),
(62, 1005, 10905, 2008, 2496, 826, 811, 516),
(63, 1005, 10905, 2009, 2422, 763, 747, 475),
(64, 1005, 10905, 2010, 2579, 898, 882, 561),
(65, 1005, 10905, 2011, 2729, 1026, 1010, 643),
(66, 1005, 10905, 2012, 2698, 999, 984, 626),
(67, 1005, 10905, 2013, 2410, 752, 737, 469),
(68, 1005, 10905, 2013, 2149, 529, 514, 327),
(69, 1005, 10905, 2014, 2569, 889, 873, 555),
(70, 1005, 10905, 2015, 2322, 677, 661, 421),
(71, 1005, 10905, 2016, 2541, 865, 849, 540),
(72, 1005, 10905, 2017, 1906, 320, 305, 194),
(73, 1005, 10903, 2008, 3412, 1612, 1596, 1016),
(74, 1005, 10903, 2009, 3319, 1532, 1516, 965),
(75, 1005, 10903, 2010, 3095, 1340, 1324, 842),
(76, 1005, 10903, 2011, 3157, 1393, 1377, 876),
(77, 1005, 10903, 2012, 3046, 1298, 1282, 816),
(78, 1005, 10903, 2013, 2874, 1150, 1135, 722),
(79, 1005, 10903, 2013, 3078, 1326, 1310, 833),
(80, 1005, 10903, 2014, 3236, 1461, 1445, 919),
(81, 1005, 10903, 2015, 3243, 1467, 1451, 923),
(82, 1005, 10903, 2016, 2890, 1164, 1149, 731),
(83, 1005, 10903, 2017, 3018, 1274, 1258, 800),
(84, 1005, 10904, 2008, 3566, 1744, 1728, 1100),
(85, 1005, 10904, 2009, 3954, 2076, 2061, 1311),
(86, 1005, 10904, 2010, 2967, 1230, 1214, 773),
(87, 1005, 10904, 2011, 17377, 13582, 13566, 8633),
(88, 1005, 10904, 2012, 3184, 1416, 1400, 891),
(89, 1005, 10904, 2013, 3158, 1394, 1378, 877),
(90, 1005, 10904, 2013, 3031, 1285, 1269, 808),
(91, 1005, 10904, 2014, 2910, 1181, 1165, 741),
(92, 1005, 10904, 2015, 3011, 1268, 1252, 797),
(93, 1005, 10904, 2016, 3239, 1464, 1448, 921),
(94, 1005, 10904, 2017, 4476, 2524, 2508, 1596),
(95, 1005, 10902, 2008, 2577, 896, 880, 560),
(96, 1005, 10902, 2009, 2651, 959, 944, 600),
(97, 1005, 10902, 2010, 2603, 918, 902, 574),
(98, 1005, 10902, 2011, 2790, 1078, 1063, 676),
(99, 1005, 10902, 2012, 2524, 850, 834, 531),
(100, 1005, 10902, 2013, 2994, 1253, 1237, 787),
(101, 1005, 10902, 2013, 2769, 1060, 1045, 665),
(102, 1005, 10902, 2014, 2421, 762, 747, 475),
(103, 1005, 10902, 2015, 2467, 802, 786, 500),
(104, 1005, 10902, 2016, 2438, 777, 761, 484),
(105, 1005, 10902, 2017, 2406, 750, 734, 467),
(106, 1001, 10901, 2008, 2655, 963, 947, 603),
(107, 1001, 10901, 2009, 1988, 391, 376, 239),
(108, 1001, 10901, 2010, 1967, 373, 357, 227),
(109, 1001, 10901, 2011, 2414, 756, 740, 471),
(110, 1001, 10901, 2012, 2361, 710, 695, 442),
(111, 1001, 10901, 2013, 2488, 819, 804, 511),
(112, 1001, 10901, 2014, 2423, 764, 748, 476),
(113, 1001, 10901, 2015, 2018, 417, 401, 255),
(114, 1001, 10901, 2016, 2028, 426, 410, 261),
(115, 1001, 10901, 2017, 2322, 677, 661, 421),
(116, 1001, 10905, 2008, 2768, 1060, 1044, 664),
(117, 1001, 10905, 2009, 2250, 615, 600, 381),
(118, 1001, 10905, 2010, 2370, 719, 703, 447),
(119, 1001, 10905, 2011, 2412, 755, 739, 470),
(120, 1001, 10905, 2012, 2352, 703, 687, 437),
(121, 1001, 10905, 2013, 2423, 764, 748, 476),
(122, 1001, 10905, 2014, 2028, 426, 410, 261),
(123, 1001, 10905, 2015, 2460, 796, 780, 496),
(124, 1001, 10905, 2016, 1791, 223, 207, 131),
(125, 1001, 10905, 2017, 2818, 1102, 1087, 691),
(126, 1001, 10903, 2008, 3170, 1404, 1388, 883),
(127, 1001, 10903, 2009, 3186, 1418, 1403, 892),
(128, 1001, 10903, 2010, 2936, 1204, 1188, 756),
(129, 1001, 10903, 2011, 2939, 1206, 1191, 757),
(130, 1001, 10903, 2012, 3135, 1374, 1358, 864),
(131, 1001, 10903, 2013, 2933, 1201, 1186, 754),
(132, 1001, 10903, 2014, 3240, 1464, 1448, 921),
(133, 1001, 10903, 2015, 3098, 1343, 1327, 844),
(134, 1001, 10903, 2016, 3192, 1423, 1407, 895),
(135, 1001, 10903, 2017, 2933, 1201, 1185, 754),
(136, 1001, 10904, 2008, 3988, 2106, 2090, 1330),
(137, 1001, 10904, 2009, 3655, 1820, 1804, 1148),
(138, 1001, 10904, 2010, 3386, 1589, 1573, 1001),
(139, 1001, 10904, 2011, 3264, 1484, 1469, 934),
(140, 1001, 10904, 2012, 3229, 1455, 1439, 916),
(141, 1001, 10904, 2013, 3185, 1417, 1402, 892),
(142, 1001, 10904, 2014, 2983, 1244, 1228, 781),
(143, 1001, 10904, 2015, 3235, 1460, 1445, 919),
(144, 1001, 10904, 2016, 3322, 1534, 1519, 966),
(145, 1001, 10904, 2017, 4116, 2215, 2199, 1399),
(146, 1001, 10902, 2008, 2701, 1002, 986, 628),
(147, 1001, 10902, 2009, 2727, 1025, 1009, 642),
(148, 1001, 10902, 2010, 2748, 1043, 1027, 653),
(149, 1001, 10902, 2011, 2515, 843, 827, 526),
(150, 1001, 10902, 2012, 2476, 809, 793, 505),
(151, 1001, 10902, 2013, 2728, 1025, 1010, 642),
(152, 1001, 10902, 2014, 2550, 873, 857, 545),
(153, 1001, 10902, 2015, 2743, 1038, 1023, 651),
(154, 1001, 10902, 2016, 2656, 964, 948, 603),
(155, 1001, 10902, 2017, 2475, 808, 793, 504),
(156, 1004, 10901, 2008, 2574, 894, 878, 559),
(157, 1004, 10901, 2009, 2483, 816, 800, 509),
(158, 1004, 10901, 2010, 2219, 589, 573, 365),
(159, 1004, 10901, 2011, 2544, 868, 852, 542),
(160, 1004, 10901, 2012, 2466, 801, 785, 499),
(161, 1004, 10901, 2013, 2553, 876, 860, 547),
(162, 1004, 10901, 2014, 2538, 863, 847, 539),
(163, 1004, 10901, 2015, 2505, 834, 819, 521),
(164, 1004, 10901, 2016, 2480, 813, 797, 507),
(165, 1004, 10901, 2017, 2460, 796, 780, 496),
(166, 1004, 10905, 2008, 2514, 842, 826, 525),
(167, 1004, 10905, 2009, 2546, 870, 854, 543),
(168, 1004, 10905, 2010, 2475, 809, 793, 504),
(169, 1004, 10905, 2011, 2170, 547, 531, 338),
(170, 1004, 10905, 2012, 2303, 661, 645, 411),
(171, 1004, 10905, 2013, 2018, 417, 401, 255),
(172, 1004, 10905, 2014, 2480, 813, 797, 507),
(173, 1004, 10905, 2015, 2394, 739, 723, 460),
(174, 1004, 10905, 2016, 2356, 706, 690, 439),
(175, 1004, 10905, 2017, 2553, 876, 860, 547),
(176, 1004, 10903, 2008, 3380, 1584, 1569, 998),
(177, 1004, 10903, 2009, 15976, 12381, 12365, 7868),
(178, 1004, 10903, 2010, 3424, 1622, 1606, 1022),
(179, 1004, 10903, 2011, 3300, 1515, 1500, 954),
(180, 1004, 10903, 2012, 2870, 1147, 1132, 720),
(181, 1004, 10903, 2013, 3239, 1463, 1448, 921),
(182, 1004, 10903, 2014, 2920, 1190, 1175, 747),
(183, 1004, 10903, 2015, 3054, 1305, 1289, 820),
(184, 1004, 10903, 2016, 3036, 1289, 1273, 810),
(185, 1004, 10903, 2017, 3209, 1438, 1422, 905),
(186, 1004, 10904, 2009, 4150, 2244, 2228, 1418),
(187, 1004, 10904, 2010, 3223, 1449, 1434, 912),
(188, 1004, 10904, 2011, 3037, 1290, 1275, 811),
(189, 1004, 10904, 2012, 3096, 1341, 1325, 843),
(190, 1004, 10904, 2013, 2803, 1090, 1074, 683),
(191, 1004, 10904, 2014, 3090, 1335, 1320, 840),
(192, 1004, 10904, 2015, 3362, 1569, 1553, 988),
(193, 1004, 10904, 2016, 3627, 1796, 1780, 1132),
(194, 1004, 10904, 2017, 3244, 1468, 1452, 924),
(195, 1004, 10904, 2208, 3254, 1477, 1461, 929),
(196, 1007, 10905, 2008, 2569, 889, 873, 555),
(197, 1007, 10905, 2009, 2322, 677, 661, 421),
(198, 1007, 10905, 2010, 2043, 438, 423, 269),
(199, 1007, 10905, 2011, 2309, 666, 651, 414),
(200, 1007, 10905, 2012, 2423, 764, 748, 476),
(201, 1007, 10905, 2013, 2496, 826, 811, 516),
(202, 1007, 10905, 2014, 2422, 763, 747, 475),
(203, 1007, 10905, 2015, 2579, 898, 882, 561),
(204, 1007, 10905, 2016, 1967, 373, 357, 227),
(205, 1007, 10905, 2017, 2544, 868, 852, 542),
(206, 1007, 10903, 2008, 3321, 1534, 1518, 966),
(207, 1007, 10903, 2009, 3022, 1277, 1261, 802),
(208, 1007, 10903, 2010, 2933, 1201, 1185, 754),
(209, 1007, 10903, 2011, 2936, 1204, 1188, 756),
(210, 1007, 10903, 2012, 2936, 1204, 1188, 756),
(211, 1007, 10903, 2013, 2890, 1164, 1149, 731),
(212, 1007, 10903, 2014, 3135, 1374, 1358, 864),
(213, 1007, 10903, 2015, 2945, 1211, 1196, 761),
(214, 1007, 10903, 2016, 3403, 1604, 1588, 1010),
(215, 1007, 10903, 2017, 2960, 1224, 1208, 769),
(216, 1007, 10904, 2008, 3975, 2094, 2078, 1322),
(217, 1007, 10904, 2009, 4208, 2294, 2278, 1449),
(218, 1007, 10904, 2010, 4522, 2563, 2548, 1621),
(219, 1007, 10904, 2011, 4805, 2806, 2790, 1775),
(220, 1007, 10904, 2012, 4047, 2156, 2140, 1362),
(221, 1007, 10904, 2013, 4756, 2764, 2748, 1748),
(222, 1007, 10904, 2014, 4105, 2206, 2190, 1394),
(223, 1007, 10904, 2015, 4636, 2661, 2645, 1683),
(224, 1007, 10904, 2016, 4398, 2456, 2441, 1553),
(225, 1007, 10904, 2017, 4153, 2246, 2231, 1419),
(226, 1002, 10901, 2008, 2152, 532, 516, 328),
(227, 1002, 10901, 2009, 2541, 865, 849, 540),
(228, 1002, 10901, 2010, 2074, 465, 449, 286),
(229, 1002, 10901, 2011, 2370, 719, 703, 447),
(230, 1002, 10901, 2012, 2729, 1026, 1010, 643),
(231, 1002, 10901, 2013, 2698, 999, 984, 626),
(232, 1002, 10901, 2014, 2691, 993, 978, 622),
(233, 1002, 10901, 2015, 2768, 1060, 1044, 664),
(234, 1002, 10901, 2016, 2422, 763, 747, 475),
(235, 1002, 10901, 2017, 2731, 1028, 1012, 644),
(236, 1002, 10905, 2008, 2028, 426, 410, 261),
(237, 1002, 10905, 2009, 2460, 796, 780, 496),
(238, 1002, 10905, 2010, 2361, 710, 695, 442),
(239, 1002, 10905, 2011, 2488, 819, 804, 511),
(240, 1002, 10905, 2012, 2538, 863, 847, 539),
(241, 1002, 10905, 2013, 2768, 1060, 1044, 664),
(242, 1002, 10905, 2014, 2250, 615, 600, 381),
(243, 1002, 10905, 2015, 2661, 968, 952, 606),
(244, 1002, 10905, 2016, 2219, 589, 573, 365),
(245, 1002, 10905, 2017, 2430, 770, 754, 480),
(246, 1002, 10903, 2008, 3237, 1461, 1446, 920),
(247, 1002, 10903, 2009, 3141, 1379, 1364, 868),
(248, 1002, 10903, 2010, 3209, 1438, 1422, 905),
(249, 1002, 10903, 2011, 3011, 1268, 1252, 796),
(250, 1002, 10903, 2012, 3243, 1467, 1451, 923),
(251, 1002, 10903, 2013, 3025, 1280, 1264, 804),
(252, 1002, 10903, 2014, 2870, 1147, 1132, 720),
(253, 1002, 10903, 2015, 2933, 1201, 1186, 754),
(254, 1002, 10903, 2016, 3240, 1464, 1448, 921),
(255, 1002, 10903, 2017, 2823, 1107, 1091, 694),
(256, 1002, 10904, 2008, 3819, 1960, 1945, 1237),
(257, 1002, 10904, 2009, 4291, 2365, 2350, 1495),
(258, 1002, 10904, 2010, 4984, 2959, 2944, 1873),
(259, 1002, 10904, 2011, 4710, 2724, 2708, 1723),
(260, 1002, 10904, 2012, 3976, 2095, 2079, 1323),
(261, 1002, 10904, 2013, 4872, 2863, 2847, 1812),
(262, 1002, 10904, 2014, 4162, 2255, 2239, 1425),
(263, 1002, 10904, 2015, 4857, 2850, 2834, 1803),
(264, 1002, 10904, 2016, 4860, 2853, 2837, 1805),
(265, 1002, 10904, 2017, 4759, 2766, 2751, 1750),
(266, 1006, 10901, 2008, 2411, 754, 738, 469),
(267, 1006, 10901, 2009, 1791, 223, 207, 131),
(268, 1006, 10901, 2010, 1906, 320, 305, 194),
(269, 1006, 10901, 2011, 2475, 809, 793, 504),
(270, 1006, 10901, 2012, 2412, 755, 739, 470),
(271, 1006, 10901, 2013, 2352, 703, 687, 437),
(272, 1006, 10901, 2014, 2410, 752, 737, 469),
(273, 1006, 10901, 2015, 2514, 842, 826, 525),
(274, 1006, 10901, 2016, 2250, 615, 600, 381),
(275, 1006, 10901, 2017, 2579, 898, 882, 561),
(276, 1006, 10905, 2008, 2480, 813, 797, 507),
(277, 1006, 10905, 2009, 2394, 739, 723, 460),
(278, 1006, 10905, 2010, 2466, 801, 785, 499),
(279, 1006, 10905, 2011, 2553, 876, 860, 547),
(280, 1006, 10905, 2012, 2474, 808, 792, 504),
(281, 1006, 10905, 2013, 2514, 842, 826, 525),
(282, 1006, 10905, 2014, 2546, 870, 854, 543),
(283, 1006, 10905, 2015, 2496, 826, 811, 516),
(284, 1006, 10905, 2016, 2389, 735, 719, 458),
(285, 1006, 10905, 2017, 2370, 719, 703, 447),
(286, 1006, 10903, 2008, 3075, 1323, 1307, 832),
(287, 1006, 10903, 2009, 3024, 1279, 1263, 804),
(288, 1006, 10903, 2010, 3039, 1292, 1276, 812),
(289, 1006, 10903, 2011, 2935, 1203, 1187, 755),
(290, 1006, 10903, 2012, 3098, 1343, 1327, 844),
(291, 1006, 10903, 2013, 3037, 1290, 1274, 811),
(292, 1006, 10903, 2014, 3246, 1469, 1453, 925),
(293, 1006, 10903, 2015, 3239, 1463, 1448, 921),
(294, 1006, 10903, 2016, 2920, 1190, 1175, 747),
(295, 1006, 10903, 2017, 2856, 1135, 1119, 712),
(296, 1006, 10904, 2008, 4078, 2182, 2167, 1379),
(297, 1006, 10904, 2009, 3356, 1563, 1548, 985),
(298, 1006, 10904, 2010, 4220, 2304, 2289, 1456),
(299, 1006, 10904, 2011, 3194, 1425, 1409, 896),
(300, 1006, 10904, 2012, 2988, 1248, 1232, 784),
(301, 1006, 10904, 2013, 2808, 1094, 1078, 686),
(302, 1006, 10904, 2014, 3102, 1346, 1330, 846),
(303, 1006, 10904, 2015, 3916, 2044, 2028, 1291),
(304, 1006, 10904, 2016, 2847, 1127, 1143, 707),
(305, 1006, 10904, 2017, 2886, 1161, 1145, 729),
(306, 1006, 10902, 2008, 2481, 814, 798, 508),
(307, 1006, 10902, 2009, 2794, 1082, 1066, 678),
(308, 1006, 10902, 2010, 2709, 1009, 994, 632),
(309, 1006, 10902, 2011, 2544, 867, 852, 542),
(310, 1006, 10902, 2012, 2628, 940, 924, 588),
(311, 1006, 10902, 2013, 6639, 4377, 4362, 2775),
(312, 1006, 10902, 2014, 2941, 1208, 1192, 759),
(313, 1006, 10902, 2015, 2464, 799, 784, 498),
(314, 1006, 10902, 2016, 2718, 1017, 896, 637),
(315, 1006, 10902, 2017, 2457, 793, 746, 494);

-- --------------------------------------------------------

--
-- Table structure for table `field`
--

CREATE TABLE `field` (
  `field_id` int(5) NOT NULL,
  `div_id` int(4) DEFAULT NULL,
  `soil_id` int(5) DEFAULT NULL
) ENGINE=InnoDB DEFAULT CHARSET=utf8 COLLATE=utf8_general_ci;

--
-- Dumping data for table `field`
--

INSERT INTO `field` (`field_id`, `div_id`, `soil_id`) VALUES
(10701, 1003, 10301),
(10702, 1003, 10302),
(10703, 1003, 10303),
(10704, 1005, 10304),
(10705, 1005, 10305),
(10706, 1005, 10306),
(10707, 1001, 10302),
(10708, 1001, 10305),
(10709, 1001, 10306),
(10710, 1004, 10301),
(10711, 1004, 10303),
(10712, 1004, 10304),
(10713, 1007, 10305),
(10714, 1007, 10306),
(10715, 1007, 10304),
(10716, 1002, 10302),
(10717, 1002, 10303),
(10718, 1002, 10301),
(10719, 1006, 10305),
(10720, 1006, 10304),
(10721, 1006, 10303);

-- --------------------------------------------------------

--
-- Table structure for table `production_data`
--

CREATE TABLE `production_data` (
  `p_id` int(5) NOT NULL,
  `Year` int(4) DEFAULT NULL,
  `production` int(5) DEFAULT NULL,
  `field_id` int(5) DEFAULT NULL,
  `crop_id` int(5) DEFAULT NULL
) ENGINE=InnoDB DEFAULT CHARSET=utf8 COLLATE=utf8_general_ci;

--
-- Dumping data for table `production_data`
--

INSERT INTO `production_data` (`p_id`, `Year`, `production`, `field_id`, `crop_id`) VALUES
(20101, 2008, 6186, 10701, 10901),
(20102, 2008, 10186, 10701, 10904),
(20103, 2008, 6310, 10702, 10905),
(20104, 2008, 5348, 10702, 10902),
(20105, 2008, 8197, 10703, 10903),
(20106, 2009, 6175, 10701, 10901),
(20107, 2009, 16175, 10701, 10904),
(20108, 2009, 4164, 10702, 10905),
(20109, 2009, 6527, 10702, 10902),
(20110, 2009, 9433, 10703, 10903),
(20111, 2010, 4480, 10701, 10901),
(20112, 2010, 11071, 10701, 10904),
(20113, 2010, 6732, 10702, 10905),
(20114, 2010, 6491, 10702, 10902),
(20115, 2010, 10220, 10703, 10903),
(20116, 2011, 7253, 10701, 10901),
(20117, 2011, 14830, 10701, 10904),
(20118, 2011, 4500, 10702, 10905),
(20119, 2011, 6939, 10702, 10902),
(20120, 2011, 8206, 10703, 10903),
(20121, 2012, 3179, 10701, 10901),
(20122, 2012, 15143, 10701, 10904),
(20123, 2012, 5296, 10702, 10905),
(20124, 2012, 4749, 10702, 10902),
(20125, 2012, 10459, 10703, 10903),
(20126, 2013, 3364, 10701, 10901),
(20127, 2013, 9667, 10701, 10904),
(20128, 2013, 6491, 10702, 10905),
(20129, 2013, 7494, 10702, 10902),
(20130, 2013, 8671, 10703, 10903),
(20131, 2014, 4165, 10701, 10901),
(20132, 2014, 9491, 10701, 10904),
(20133, 2014, 4122, 10702, 10905),
(20134, 2014, 5272, 10702, 10902),
(20135, 2014, 8247, 10703, 10903),
(20136, 2015, 3242, 10701, 10901),
(20137, 2015, 7429, 10701, 10904),
(20138, 2015, 6782, 10702, 10905),
(20139, 2015, 7825, 10702, 10902),
(20140, 2015, 7964, 10703, 10903),
(20141, 2016, 4122, 10701, 10901),
(20142, 2016, 15625, 10701, 10904),
(20143, 2016, 4448, 10702, 10905),
(20144, 2016, 5211, 10702, 10902),
(20145, 2016, 8399, 10703, 10903),
(20146, 2017, 5625, 10701, 10901),
(20147, 2017, 18927, 10701, 10904),
(20148, 2017, 2790, 10702, 10905),
(20149, 2017, 6529, 10702, 10902),
(20150, 2017, 10810, 10703, 10903),
(20151, 2008, 5745, 10704, 10901),
(20152, 2008, 5321, 10705, 10905),
(20153, 2008, 11745, 10705, 10904),
(20154, 2008, 10821, 10706, 10903),
(20155, 2008, 5807, 10706, 10902),
(20156, 2009, 4072, 10704, 10901),
(20157, 2009, 4877, 10705, 10905),
(20158, 2009, 14072, 10705, 10904),
(20159, 2009, 10259, 10706, 10903),
(20160, 2009, 6252, 10706, 10902),
(20161, 2010, 1071, 10704, 10901),
(20162, 2010, 5823, 10705, 10905),
(20163, 2010, 8148, 10705, 10904),
(20164, 2010, 8915, 10706, 10903),
(20165, 2010, 5963, 10706, 10902),
(20166, 2011, 5667, 10704, 10901),
(20167, 2011, 6720, 10705, 10905),
(20168, 2011, 94611, 10705, 10904),
(20169, 2011, 9286, 10706, 10903),
(20170, 2011, 7086, 10706, 10902),
(20171, 2012, 2605, 10704, 10901),
(20172, 2012, 6533, 10705, 10905),
(20173, 2012, 9450, 10705, 10904),
(20174, 2012, 8620, 10706, 10903),
(20175, 2012, 5488, 10706, 10902),
(20176, 2013, 1628, 10704, 10901),
(20177, 2013, 3242, 10705, 10905),
(20178, 2013, 8533, 10705, 10904),
(20179, 2013, 8816, 10706, 10903),
(20180, 2013, 6960, 10706, 10902),
(20181, 2014, 6201, 10704, 10901),
(20182, 2014, 5759, 10705, 10905),
(20183, 2014, 7804, 10705, 10904),
(20184, 2014, 9763, 10706, 10903),
(20185, 2014, 4873, 10706, 10902),
(20186, 2015, 4884, 10704, 10901),
(20187, 2015, 4277, 10705, 10905),
(20188, 2015, 8412, 10705, 10904),
(20189, 2015, 9807, 10706, 10903),
(20190, 2015, 5150, 10706, 10902),
(20191, 2016, 5759, 10704, 10901),
(20192, 2016, 5593, 10705, 10905),
(20193, 2016, 9782, 10705, 10904),
(20194, 2016, 7687, 10706, 10903),
(20195, 2016, 4976, 10706, 10902),
(20196, 2017, 6782, 10704, 10901),
(20197, 2017, 1780, 10705, 10905),
(20198, 2017, 17204, 10705, 10904),
(20199, 2017, 8453, 10706, 10903),
(20200, 2017, 4785, 10706, 10902),
(20201, 2008, 6277, 10707, 10901),
(20202, 2008, 14277, 10707, 10904),
(20203, 2008, 6957, 10708, 10905),
(20204, 2008, 6552, 10708, 10902),
(20205, 2008, 9364, 10709, 10903),
(20206, 2009, 2277, 10707, 10901),
(20207, 2009, 12277, 10707, 10904),
(20208, 2009, 3845, 10708, 10905),
(20209, 2009, 6709, 10708, 10902),
(20210, 2009, 9465, 10709, 10903),
(20211, 2010, 2148, 10707, 10901),
(20212, 2010, 10661, 10707, 10904),
(20213, 2010, 4569, 10708, 10905),
(20214, 2010, 6837, 10708, 10902),
(20215, 2010, 7963, 10709, 10903),
(20216, 2011, 4830, 10707, 10901),
(20217, 2011, 9928, 10707, 10904),
(20218, 2011, 4821, 10708, 10905),
(20219, 2011, 5435, 10708, 10902),
(20220, 2011, 7981, 10709, 10903),
(20221, 2012, 4510, 10707, 10901),
(20222, 2012, 9720, 10707, 10904),
(20223, 2012, 4459, 10708, 10905),
(20224, 2012, 5200, 10708, 10902),
(20225, 2012, 9156, 10709, 10903),
(20226, 2013, 5272, 10707, 10901),
(20227, 2013, 9459, 10707, 10904),
(20228, 2013, 4884, 10708, 10905),
(20229, 2013, 6714, 10708, 10902),
(20230, 2013, 7946, 10709, 10903),
(20231, 2014, 4882, 10707, 10901),
(20232, 2014, 8242, 10707, 10904),
(20233, 2014, 2517, 10708, 10905),
(20234, 2014, 5646, 10708, 10902),
(20235, 2014, 9784, 10709, 10903),
(20236, 2015, 2457, 10707, 10901),
(20237, 2015, 9759, 10707, 10904),
(20238, 2015, 5106, 10708, 10905),
(20239, 2015, 6806, 10708, 10902),
(20240, 2015, 8937, 10709, 10903),
(20241, 2016, 2517, 10707, 10901),
(20242, 2016, 10277, 10707, 10904),
(20243, 2016, 1095, 10708, 10905),
(20244, 2016, 6283, 10708, 10902),
(20245, 2016, 9496, 10709, 10903),
(20246, 2017, 4277, 10707, 10901),
(20247, 2017, 15040, 10707, 10904),
(20248, 2017, 7253, 10708, 10905),
(20249, 2017, 5196, 10708, 10902),
(20250, 2017, 7945, 10709, 10903),
(20251, 2008, 5793, 10710, 10901),
(20252, 2008, 5429, 10711, 10905),
(20253, 2008, 9873, 10711, 10904),
(20254, 2008, 10628, 10712, 10903),
(20255, 2009, 5246, 10710, 10901),
(20256, 2009, 5625, 10711, 10905),
(20257, 2009, 15246, 10711, 10904),
(20258, 2009, 86201, 10712, 10903),
(20259, 2010, 3661, 10710, 10901),
(20260, 2010, 5197, 10711, 10905),
(20261, 2010, 9683, 10711, 10904),
(20262, 2010, 10890, 10712, 10903),
(20263, 2011, 5611, 10710, 10901),
(20264, 2011, 3364, 10711, 10905),
(20265, 2011, 8569, 10711, 10904),
(20266, 2011, 10145, 10712, 10903),
(20267, 2012, 5143, 10710, 10901),
(20268, 2012, 4165, 10711, 10905),
(20269, 2012, 8921, 10711, 10904),
(20270, 2012, 7568, 10712, 10903),
(20271, 2013, 5667, 10710, 10901),
(20272, 2013, 2457, 10711, 10905),
(20273, 2013, 7165, 10711, 10904),
(20274, 2013, 9780, 10712, 10903),
(20275, 2014, 5576, 10710, 10901),
(20276, 2014, 5225, 10711, 10905),
(20277, 2014, 8884, 10711, 10904),
(20278, 2014, 7869, 10712, 10903),
(20279, 2015, 5378, 10710, 10901),
(20280, 2015, 4708, 10711, 10905),
(20281, 2015, 10517, 10711, 10904),
(20282, 2015, 8671, 10712, 10903),
(20283, 2016, 5225, 10710, 10901),
(20284, 2016, 4480, 10711, 10905),
(20285, 2016, 12106, 10711, 10904),
(20286, 2016, 8560, 10712, 10903),
(20287, 2017, 5106, 10710, 10901),
(20288, 2017, 5667, 10711, 10905),
(20289, 2017, 9813, 10711, 10904),
(20290, 2017, 9601, 10712, 10903),
(20291, 2008, 5759, 10713, 10905),
(20292, 2008, 10272, 10714, 10903),
(20293, 2008, 14194, 10715, 10904),
(20294, 2009, 4277, 10713, 10905),
(20295, 2009, 8476, 10714, 10903),
(20296, 2009, 15593, 10715, 10904),
(20297, 2010, 2605, 10713, 10905),
(20298, 2010, 7945, 10714, 10903),
(20299, 2010, 17480, 10715, 10904),
(20300, 2011, 4201, 10713, 10905),
(20301, 2011, 7964, 10714, 10903),
(20302, 2011, 19179, 10715, 10904),
(20303, 2012, 4882, 10713, 10905),
(20304, 2012, 7964, 10714, 10903),
(20305, 2012, 14628, 10715, 10904),
(20306, 2013, 5321, 10713, 10905),
(20307, 2013, 7687, 10714, 10903),
(20308, 2013, 18882, 10715, 10904),
(20309, 2014, 4877, 10713, 10905),
(20310, 2014, 9156, 10714, 10903),
(20311, 2014, 14978, 10715, 10904),
(20312, 2015, 5823, 10713, 10905),
(20313, 2015, 8016, 10714, 10903),
(20314, 2015, 18164, 10715, 10904),
(20315, 2016, 2148, 10713, 10905),
(20316, 2016, 10763, 10714, 10903),
(20317, 2016, 16732, 10715, 10904),
(20318, 2017, 5611, 10713, 10905),
(20319, 2017, 8106, 10714, 10903),
(20320, 2017, 15262, 10715, 10904),
(20321, 2008, 3259, 10716, 10901),
(20322, 2008, 2517, 10717, 10905),
(20323, 2008, 13259, 10717, 10904),
(20324, 2008, 9767, 10718, 10903),
(20325, 2009, 5593, 10716, 10901),
(20326, 2009, 5106, 10717, 10905),
(20327, 2009, 16095, 10717, 10904),
(20328, 2009, 9193, 10718, 10903),
(20329, 2010, 2790, 10716, 10901),
(20330, 2010, 4510, 10717, 10905),
(20331, 2010, 20253, 10717, 10904),
(20332, 2010, 9601, 10718, 10903),
(20333, 2011, 4569, 10716, 10901),
(20334, 2011, 5272, 10717, 10905),
(20335, 2011, 18605, 10717, 10904),
(20336, 2011, 8410, 10718, 10903),
(20337, 2012, 6720, 10716, 10901),
(20338, 2012, 5576, 10717, 10905),
(20339, 2012, 14201, 10717, 10904),
(20340, 2012, 9807, 10718, 10903),
(20341, 2013, 6533, 10716, 10901),
(20342, 2013, 6957, 10717, 10905),
(20343, 2013, 19576, 10717, 10904),
(20344, 2013, 8497, 10718, 10903),
(20345, 2014, 6491, 10716, 10901),
(20346, 2014, 3845, 10717, 10905),
(20347, 2014, 15321, 10717, 10904),
(20348, 2014, 7568, 10718, 10903),
(20349, 2015, 6957, 10716, 10901),
(20350, 2015, 6310, 10717, 10905),
(20351, 2015, 19487, 10717, 10904),
(20352, 2015, 7946, 10718, 10903),
(20353, 2016, 4877, 10716, 10901),
(20354, 2016, 3661, 10717, 10905),
(20355, 2016, 19508, 10717, 10904),
(20356, 2016, 9784, 10718, 10903),
(20357, 2017, 6732, 10716, 10901),
(20358, 2017, 4928, 10717, 10905),
(20359, 2017, 18902, 10717, 10904),
(20360, 2017, 7286, 10718, 10903),
(20361, 2008, 4813, 10719, 10901),
(20362, 2008, 5225, 10720, 10905),
(20363, 2008, 14813, 10720, 10904),
(20364, 2008, 8796, 10721, 10903),
(20365, 2008, 5233, 10721, 10902),
(20366, 2009, 1095, 10719, 10901),
(20367, 2009, 4708, 10720, 10905),
(20368, 2009, 10480, 10720, 10904),
(20369, 2009, 8491, 10721, 10903),
(20370, 2009, 7110, 10721, 10902),
(20371, 2010, 1780, 10719, 10901),
(20372, 2010, 5143, 10720, 10905),
(20373, 2010, 15667, 10720, 10904),
(20374, 2010, 8579, 10721, 10903),
(20375, 2010, 6602, 10721, 10902),
(20376, 2011, 5197, 10719, 10901),
(20377, 2011, 5667, 10720, 10905),
(20378, 2011, 9510, 10720, 10904),
(20379, 2011, 7956, 10721, 10903),
(20380, 2011, 5609, 10721, 10902),
(20381, 2012, 4821, 10719, 10901),
(20382, 2012, 5193, 10720, 10905),
(20383, 2012, 8272, 10720, 10904),
(20384, 2012, 8937, 10721, 10903),
(20385, 2012, 6114, 10721, 10902),
(20386, 2013, 4459, 10719, 10901),
(20387, 2013, 5429, 10720, 10905),
(20388, 2013, 7193, 10720, 10904),
(20389, 2013, 8567, 10721, 10903),
(20390, 2013, 30179, 10721, 10902),
(20391, 2014, 4804, 10719, 10901),
(20392, 2014, 5625, 10720, 10905),
(20393, 2014, 8957, 10720, 10904),
(20394, 2014, 9821, 10721, 10903),
(20395, 2014, 7993, 10721, 10902),
(20396, 2015, 5429, 10719, 10901),
(20397, 2015, 5321, 10720, 10905),
(20398, 2015, 13845, 10720, 10904),
(20399, 2015, 9780, 10721, 10903),
(20400, 2015, 5132, 10721, 10902),
(20401, 2016, 3845, 10719, 10901),
(20402, 2016, 4683, 10720, 10905),
(20403, 2016, 7427, 10720, 10904),
(20404, 2016, 7869, 10721, 10903),
(20405, 2016, 6655, 10721, 10902),
(20406, 2017, 5823, 10719, 10901),
(20407, 2017, 4569, 10720, 10905),
(20408, 2017, 7665, 10720, 10904),
(20409, 2017, 7481, 10721, 10903),
(20410, 2017, 5087, 10721, 10902);

-- --------------------------------------------------------

--
-- Table structure for table `rainfall`
--

CREATE TABLE `rainfall` (
  `r_id` int(5) NOT NULL,
  `Area` varchar(10) DEFAULT NULL,
  `Year` int(4) DEFAULT NULL,
  `average_rain_fall_mm_per_year` int(3) DEFAULT NULL
) ENGINE=InnoDB DEFAULT CHARSET=utf8 COLLATE=utf8_general_ci;

--
-- Dumping data for table `rainfall`
--

INSERT INTO `rainfall` (`r_id`, `Area`, `Year`, `average_rain_fall_mm_per_year`) VALUES
(20201, 'Dhaka', 2008, 123),
(20202, 'Rangpur', 2008, 109),
(20203, 'Barisal', 2008, 117),
(20204, 'Khulna', 2008, 107),
(20205, 'Chittagong', 2008, 134),
(20206, 'Mymensingh', 2008, 111),
(20207, 'Sylhet', 2008, 139),
(20208, 'Rajshahi', 2008, 115),
(20209, 'Dhaka', 2009, 143),
(20210, 'Rangpur', 2009, 132),
(20211, 'Barisal', 2009, 130),
(20212, 'Khulna', 2009, 118),
(20213, 'Chittagong', 2009, 113),
(20214, 'Mymensingh', 2009, 124),
(20215, 'Sylhet', 2009, 106),
(20216, 'Rajshahi', 2009, 114),
(20217, 'Dhaka', 2010, 97),
(20218, 'Rangpur', 2010, 142),
(20219, 'Barisal', 2010, 105),
(20220, 'Khulna', 2010, 116),
(20221, 'Chittagong', 2010, 95),
(20222, 'Mymensingh', 2010, 129),
(20223, 'Sylhet', 2010, 144),
(20224, 'Rajshahi', 2010, 126),
(20225, 'Dhaka', 2011, 110),
(20226, 'Rangpur', 2011, 140),
(20227, 'Barisal', 2011, 108),
(20228, 'Khulna', 2011, 128),
(20229, 'Chittagong', 2011, 125),
(20230, 'Mymensingh', 2011, 137),
(20231, 'Sylhet', 2011, 133),
(20232, 'Rajshahi', 2011, 119),
(20233, 'Dhaka', 2012, 120),
(20234, 'Rangpur', 2012, 104),
(20235, 'Barisal', 2012, 121),
(20236, 'Khulna', 2012, 100),
(20237, 'Chittagong', 2012, 145),
(20238, 'Mymensingh', 2012, 136),
(20239, 'Sylhet', 2012, 135),
(20240, 'Rajshahi', 2012, 127),
(20241, 'Dhaka', 2013, 102),
(20242, 'Rangpur', 2013, 141),
(20243, 'Barisal', 2013, 138),
(20244, 'Khulna', 2013, 103),
(20245, 'Chittagong', 2013, 112),
(20246, 'Mymensingh', 2013, 131),
(20247, 'Sylhet', 2013, 101),
(20248, 'Rajshahi', 2013, 122),
(20249, 'Dhaka', 2014, 96),
(20250, 'Rangpur', 2014, 99),
(20251, 'Barisal', 2014, 98),
(20252, 'Khulna', 2014, 109),
(20253, 'Chittagong', 2014, 144),
(20254, 'Mymensingh', 2014, 115),
(20255, 'Sylhet', 2014, 119),
(20256, 'Rajshahi', 2014, 99),
(20257, 'Dhaka', 2015, 143),
(20258, 'Rangpur', 2015, 118),
(20259, 'Barisal', 2015, 103),
(20260, 'Khulna', 2015, 128),
(20261, 'Chittagong', 2015, 120),
(20262, 'Mymensingh', 2015, 124),
(20263, 'Sylhet', 2015, 113),
(20264, 'Rajshahi', 2015, 111),
(20265, 'Dhaka', 2016, 107),
(20266, 'Rangpur', 2016, 116),
(20267, 'Barisal', 2016, 139),
(20268, 'Khulna', 2016, 102),
(20269, 'Chittagong', 2016, 117),
(20270, 'Mymensingh', 2016, 133),
(20271, 'Sylhet', 2016, 138),
(20272, 'Rajshahi', 2016, 132),
(20273, 'Dhaka', 2017, 104),
(20274, 'Rangpur', 2017, 129),
(20275, 'Barisal', 2017, 137),
(20276, 'Khulna', 2017, 110),
(20277, 'Chittagong', 2017, 121),
(20278, 'Mymensingh', 2017, 95),
(20279, 'Sylhet', 2017, 101),
(20280, 'Rajshahi', 2017, 122);

-- --------------------------------------------------------

--
-- Table structure for table `sensor`
--

CREATE TABLE `sensor` (
  `Sensor ID` int(5) NOT NULL,
  `District` varchar(10) DEFAULT NULL,
  `year` int(4) DEFAULT NULL,
  `humidity` decimal(3,1) DEFAULT NULL,
  `max_temperature` decimal(4,2) DEFAULT NULL,
  `min_temperature` decimal(4,2) DEFAULT NULL,
  `Installation_Date` varchar(10) DEFAULT NULL
) ENGINE=InnoDB DEFAULT CHARSET=utf8 COLLATE=utf8_general_ci;

--
-- Dumping data for table `sensor`
--

INSERT INTO `sensor` (`Sensor ID`, `District`, `year`, `humidity`, `max_temperature`, `min_temperature`, `Installation_Date`) VALUES
(10601, 'Dhaka', 2008, 71.0, 34.20, 12.50, '2008-03-11'),
(10602, 'Rangpur', 2008, 71.0, 30.20, 19.50, '2008-04-10'),
(10603, 'Barisal', 2008, 71.0, 34.20, 12.50, '2008-04-25'),
(10604, 'Khulna', 2008, 71.0, 34.20, 12.20, '2008-07-03'),
(10605, 'Chittagong', 2008, 78.0, 34.10, 10.20, '2008-07-17'),
(10606, 'Sylhet', 2008, 79.0, 29.60, 21.60, '2008-10-02'),
(10607, 'Rajshahi', 2008, 79.0, 34.12, 10.80, '2008-11-07'),
(10608, 'Dhaka', 2009, 66.0, 35.60, 14.80, '2009-01-23'),
(10609, 'Rangpur', 2009, 66.0, 31.00, 11.43, '2009-02-27'),
(10610, 'Barisal', 2009, 66.0, 35.60, 14.80, '2009-05-22'),
(10611, 'Khulna', 2009, 66.0, 35.60, 14.80, '2009-07-31'),
(10612, 'Chittagong', 2009, 79.0, 35.40, 12.50, '2009-08-18'),
(10613, 'Sylhet', 2009, 80.0, 30.48, 21.20, '2009-11-03'),
(10614, 'Rajshahi', 2009, 80.0, 33.00, 13.20, '2009-11-10'),
(10615, 'Dhaka', 2010, 55.3, 35.50, 12.80, '2010-01-20'),
(10616, 'Rangpur', 2010, 55.3, 29.70, 11.00, '2010-04-01'),
(10617, 'Barisal', 2010, 55.3, 35.00, 12.80, '2010-04-26'),
(10618, 'Khulna', 2010, 55.3, 35.00, 12.80, '2010-06-07'),
(10619, 'Chittagong', 2010, 64.0, 35.00, 10.40, '2010-09-15'),
(10620, 'Sylhet', 2010, 66.3, 30.70, 21.30, '2010-09-27'),
(10621, 'Rajshahi', 2010, 66.3, 32.40, 11.71, '2010-12-27'),
(10622, 'Dhaka', 2011, 68.2, 23.40, 12.20, '2011-05-11'),
(10623, 'Rangpur', 2011, 68.2, 31.00, 12.70, '2011-06-20'),
(10624, 'Barisal', 2011, 68.2, 23.40, 12.20, '2011-08-23'),
(10625, 'Khulna', 2011, 68.2, 23.40, 12.20, '2011-09-07'),
(10626, 'Chittagong', 2011, 77.7, 22.50, 10.10, '2011-09-12'),
(10627, 'Sylhet', 2011, 79.3, 29.60, 20.80, '2011-10-10'),
(10628, 'Rajshahi', 2011, 79.3, 22.20, 10.80, '2011-12-14'),
(10629, 'Dhaka', 2012, 58.0, 30.80, 12.20, '2012-02-13'),
(10630, 'Rangpur', 2012, 58.0, 30.00, 13.00, '2012-02-17'),
(10631, 'Barisal', 2012, 66.0, 27.00, 14.50, '2012-03-07'),
(10632, 'Khulna', 2012, 66.0, 28.70, 13.30, '2012-03-28'),
(10633, 'Chittagong', 2012, 76.0, 26.70, 10.70, '2012-09-13'),
(10634, 'Sylhet', 2012, 78.0, 29.60, 20.00, '2012-10-10'),
(10635, 'Rajshahi', 2012, 79.0, 29.40, 11.80, '2012-12-06'),
(10636, 'Dhaka', 2013, 63.0, 30.90, 12.10, '2013-02-01'),
(10637, 'Rangpur', 2013, 63.0, 31.70, 10.22, '2013-03-07'),
(10638, 'Barisal', 2013, 66.0, 31.25, 10.43, '2013-04-15'),
(10639, 'Khulna', 2013, 65.3, 30.60, 11.20, '2013-05-17'),
(10640, 'Chittagong', 2013, 78.0, 27.00, 11.60, '2013-06-13'),
(10641, 'Sylhet', 2013, 79.2, 30.00, 20.80, '2013-06-14'),
(10642, 'Rajshahi', 2013, 78.0, 31.30, 13.20, '2013-09-18'),
(10643, 'Dhaka', 2014, 64.7, 31.10, 14.20, '2014-02-18'),
(10644, 'Rangpur', 2014, 64.7, 30.40, 11.50, '2014-05-21'),
(10645, 'Barisal', 2014, 71.0, 29.44, 11.90, '2014-07-10'),
(10646, 'Khulna', 2014, 68.2, 32.20, 15.90, '2014-10-21'),
(10647, 'Chittagong', 2014, 76.0, 27.50, 12.90, '2014-10-28'),
(10648, 'Sylhet', 2014, 72.0, 30.30, 20.90, '2014-12-19'),
(10649, 'Rajshahi', 2014, 78.0, 33.50, 12.50, '2014-12-26'),
(10650, 'Dhaka', 2015, 60.2, 34.20, 12.70, '2015-04-15'),
(10651, 'Rangpur', 2015, 60.2, 29.00, 12.00, '2015-06-15'),
(10652, 'Barisal', 2015, 73.0, 28.00, 12.00, '2015-08-10'),
(10653, 'Khulna', 2015, 62.0, 28.30, 15.20, '2015-08-17'),
(10654, 'Chittagong', 2015, 69.0, 34.30, 13.20, '2015-08-19'),
(10655, 'Sylhet', 2015, 68.0, 30.50, 20.90, '2015-10-21'),
(10656, 'Rajshahi', 2015, 80.0, 30.30, 11.30, '2015-11-18'),
(10657, 'Dhaka', 2016, 65.0, 27.00, 13.60, '2016-04-29'),
(10658, 'Rangpur', 2016, 65.0, 31.20, 10.70, '2016-08-22'),
(10659, 'Barisal', 2016, 55.0, 30.30, 10.30, '2016-09-02'),
(10660, 'Khulna', 2016, 57.5, 30.10, 14.70, '2016-09-26'),
(10661, 'Chittagong', 2016, 79.0, 30.10, 12.30, '2016-10-03'),
(10662, 'Sylhet', 2016, 69.5, 30.70, 21.00, '2016-10-11'),
(10663, 'Rajshahi', 2016, 78.0, 30.70, 11.20, '2016-12-02'),
(10664, 'Dhaka', 2017, 69.0, 31.00, 12.70, '2017-01-19'),
(10665, 'Rangpur', 2017, 69.0, 31.50, 13.00, '2017-05-19'),
(10666, 'Barisal', 2017, 62.0, 27.70, 14.50, '2017-05-25'),
(10667, 'Khulna', 2017, 67.0, 28.70, 12.20, '2017-07-20'),
(10668, 'Chittagong', 2017, 78.0, 32.00, 12.80, '2017-07-21'),
(10669, 'Sylhet', 2017, 79.3, 31.00, 21.20, '2017-08-28'),
(10670, 'Rajshahi', 2017, 79.0, 32.00, 12.30, '2017-09-26');

-- --------------------------------------------------------

--
-- Table structure for table `soil_type`
--

CREATE TABLE `soil_type` (
  `soil_id` int(5) NOT NULL,
  `type` varchar(18) DEFAULT NULL,
  `area` int(5) DEFAULT NULL
) ENGINE=InnoDB DEFAULT CHARSET=utf8 COLLATE=utf8_general_ci;

--
-- Dumping data for table `soil_type`
--

INSERT INTO `soil_type` (`soil_id`, `type`, `area`) VALUES
(10301, 'Miscellaneous Land', 21094),
(10302, 'Acid Basin', 15564),
(10303, 'Sandy Soil', 19010),
(10304, 'Silt Soil', 14527),
(10305, 'Clay Soil', 2155),
(10306, 'Loamy Soil', 4860);

-- --------------------------------------------------------

--
-- Table structure for table `testimonials`
--

CREATE TABLE `testimonials` (
  `id` int(11) NOT NULL,
  `name` varchar(255) NOT NULL,
  `occupation` varchar(255) NOT NULL,
  `message` text NOT NULL,
  `rating` int(11) NOT NULL
) ENGINE=InnoDB DEFAULT CHARSET=utf8mb4 COLLATE=utf8mb4_general_ci;

--
-- Dumping data for table `testimonials`
--

INSERT INTO `testimonials` (`id`, `name`, `occupation`, `message`, `rating`) VALUES
(1, 'Farhan Ahmed', 'Farmer', 'As a farmer in Bangladesh, I\'ve struggled for years to optimize my crop yields. Thanks to Agridata Dynamics, I now have access to advanced technology and data-driven insights that have transformed my farm. Their dedication to sustainable agriculture and innovative solutions has truly revolutionized the way I approach farming.', 5),
(2, 'Nusrat Jahan', 'Agronomist', 'Agridata Dynamics has been instrumental in helping me navigate the complexities of modern agriculture. As an agronomist, their platform has provided me with valuable data and analytics that have enhanced my decision-making process. Their commitment to collaboration and sustainability is commendable, and I\'m proud to be a part of their community.', 4),
(3, 'Mohammad Rahman', 'Agricultural Industry Expert', 'I\'ve been in the agricultural industry for over a decade, and I\'ve never seen anything quite like Agridata Dynamics. Their platform has allowed me to optimize my farm operations and maximize yields like never before. The integration of technology and agriculture is seamless, and their dedication to driving positive change in the industry is inspiring.', 5),
(4, 'Tasnim Akhtar', 'Farm Owner', 'Agridata Dynamics is more than just a technology company – they\'re a partner in our journey towards sustainable farming. Their platform has provided me with invaluable insights into soil health, crop management, and weather patterns, allowing me to make informed decisions that benefit both my farm and the environment. I highly recommend their services to anyone looking to modernize their agricultural practices.', 4),
(5, 'Abdullah Al Mamun', 'Agricultural Enthusiast', 'In a rapidly changing agricultural landscape, Agridata Dynamics stands out as a beacon of innovation and progress. Their platform has empowered me to overcome challenges and adapt to new technologies with ease. The support and guidance provided by their team have been invaluable, and I\'m excited to see how their solutions continue to shape the future of farming in Bangladesh.', 5),
(6, 'Sakib Ahmed', 'Horticulturist', 'As a horticulturist, I rely on accurate data to make informed decisions about crop management and disease control. Agridata Dynamics provides me with real-time insights and predictive analytics that have revolutionized the way I approach my work. Their commitment to sustainability and environmental stewardship aligns perfectly with my values, making them an invaluable partner in my agricultural journey.', 4),
(7, 'Ayesha Khan', 'Researcher', 'As a researcher in the field of agricultural science, I rely on cutting-edge technology to drive innovation and discovery. Agridata Dynamics provides me with the tools and resources I need to conduct meaningful research and analyze complex data sets. Their platform has accelerated my work and allowed me to make significant contributions to the field of agriculture.', 5),
(8, 'Rahim Mia', 'Small-scale Farmer', 'I may be a small-scale farmer, but with Agridata Dynamics, I have access to the same advanced technology and data-driven insights as large-scale operations. Their platform has helped me increase efficiency, reduce waste, and improve yields on my farm. I\'m grateful for their commitment to empowering farmers like me with the tools and knowledge needed to succeed.', 4);

-- --------------------------------------------------------

--
-- Table structure for table `users`
--

CREATE TABLE `users` (
  `id` int(11) NOT NULL,
  `name` varchar(255) NOT NULL,
  `email` varchar(255) NOT NULL,
  `phone` varchar(20) NOT NULL,
  `password` varchar(255) NOT NULL
) ENGINE=InnoDB DEFAULT CHARSET=utf8mb4 COLLATE=utf8mb4_general_ci;

--
-- Dumping data for table `users`
--

INSERT INTO `users` (`id`, `name`, `email`, `phone`, `password`) VALUES
(1, 'Shohan', 'shohan@gmail.com', '76464358635163164', '$2y$10$Xx3P42ClTL3VdFfVOSAIQ..Di5FNHbK8JcY8nX7GV6OrLn5uRpTUK'),
(2, 'Admin', 'admin@gmail.com', '6461234464', '$2y$10$En73U9pX74MjHmUIXY7UN.BvuW0eOKYYxx27E25KZzeBZp2h7v5v6');

--
-- Indexes for dumped tables
--

--
-- Indexes for table `contact`
--
ALTER TABLE `contact`
  ADD PRIMARY KEY (`id`);

--
-- Indexes for table `crop`
--
ALTER TABLE `crop`
  ADD PRIMARY KEY (`crop_id`);

--
-- Indexes for table `division`
--
ALTER TABLE `division`
  ADD PRIMARY KEY (`div_id`);

--
-- Indexes for table `fertilizer`
--
ALTER TABLE `fertilizer`
  ADD PRIMARY KEY (`fd_id`),
  ADD KEY `fk_crop` (`crop_id`);

--
-- Indexes for table `field`
--
ALTER TABLE `field`
  ADD PRIMARY KEY (`field_id`),
  ADD KEY `fk_division` (`div_id`),
  ADD KEY `fk_field_soil` (`soil_id`);

--
-- Indexes for table `production_data`
--
ALTER TABLE `production_data`
  ADD PRIMARY KEY (`p_id`),
  ADD KEY `fk_production_data_field` (`field_id`),
  ADD KEY `fk_production_data_crop` (`crop_id`);

--
-- Indexes for table `rainfall`
--
ALTER TABLE `rainfall`
  ADD PRIMARY KEY (`r_id`);

--
-- Indexes for table `sensor`
--
ALTER TABLE `sensor`
  ADD PRIMARY KEY (`Sensor ID`);

--
-- Indexes for table `soil_type`
--
ALTER TABLE `soil_type`
  ADD PRIMARY KEY (`soil_id`);

--
-- Indexes for table `testimonials`
--
ALTER TABLE `testimonials`
  ADD PRIMARY KEY (`id`);

--
-- Indexes for table `users`
--
ALTER TABLE `users`
  ADD PRIMARY KEY (`id`),
  ADD UNIQUE KEY `email` (`email`);

--
-- AUTO_INCREMENT for dumped tables
--

--
-- AUTO_INCREMENT for table `contact`
--
ALTER TABLE `contact`
  MODIFY `id` int(11) NOT NULL AUTO_INCREMENT, AUTO_INCREMENT=17;

--
-- AUTO_INCREMENT for table `crop`
--
ALTER TABLE `crop`
  MODIFY `crop_id` int(5) NOT NULL AUTO_INCREMENT, AUTO_INCREMENT=10912;

--
-- AUTO_INCREMENT for table `division`
--
ALTER TABLE `division`
  MODIFY `div_id` int(4) NOT NULL AUTO_INCREMENT, AUTO_INCREMENT=1008;

--
-- AUTO_INCREMENT for table `fertilizer`
--
ALTER TABLE `fertilizer`
  MODIFY `fd_id` int(11) NOT NULL AUTO_INCREMENT, AUTO_INCREMENT=317;

--
-- AUTO_INCREMENT for table `field`
--
ALTER TABLE `field`
  MODIFY `field_id` int(5) NOT NULL AUTO_INCREMENT, AUTO_INCREMENT=10722;

--
-- AUTO_INCREMENT for table `production_data`
--
ALTER TABLE `production_data`
  MODIFY `p_id` int(5) NOT NULL AUTO_INCREMENT, AUTO_INCREMENT=20411;

--
-- AUTO_INCREMENT for table `rainfall`
--
ALTER TABLE `rainfall`
  MODIFY `r_id` int(5) NOT NULL AUTO_INCREMENT, AUTO_INCREMENT=20281;

--
-- AUTO_INCREMENT for table `sensor`
--
ALTER TABLE `sensor`
  MODIFY `Sensor ID` int(5) NOT NULL AUTO_INCREMENT, AUTO_INCREMENT=10671;

--
-- AUTO_INCREMENT for table `soil_type`
--
ALTER TABLE `soil_type`
  MODIFY `soil_id` int(5) NOT NULL AUTO_INCREMENT, AUTO_INCREMENT=10307;

--
-- AUTO_INCREMENT for table `testimonials`
--
ALTER TABLE `testimonials`
  MODIFY `id` int(11) NOT NULL AUTO_INCREMENT, AUTO_INCREMENT=19;

--
-- AUTO_INCREMENT for table `users`
--
ALTER TABLE `users`
  MODIFY `id` int(11) NOT NULL AUTO_INCREMENT, AUTO_INCREMENT=10;

--
-- Constraints for dumped tables
--

--
-- Constraints for table `fertilizer`
--
ALTER TABLE `fertilizer`
  ADD CONSTRAINT `fk_crop` FOREIGN KEY (`crop_id`) REFERENCES `crop` (`crop_id`);

--
-- Constraints for table `field`
--
ALTER TABLE `field`
  ADD CONSTRAINT `fk_division` FOREIGN KEY (`div_id`) REFERENCES `division` (`div_id`),
  ADD CONSTRAINT `fk_field_soil` FOREIGN KEY (`soil_id`) REFERENCES `soil_type` (`soil_id`);

--
-- Constraints for table `production_data`
--
ALTER TABLE `production_data`
  ADD CONSTRAINT `fk_field` FOREIGN KEY (`field_id`) REFERENCES `field` (`field_id`),
  ADD CONSTRAINT `fk_production_data_crop` FOREIGN KEY (`crop_id`) REFERENCES `crop` (`crop_id`),
  ADD CONSTRAINT `fk_production_data_field` FOREIGN KEY (`field_id`) REFERENCES `field` (`field_id`);
COMMIT;

/*!40101 SET CHARACTER_SET_CLIENT=@OLD_CHARACTER_SET_CLIENT */;
/*!40101 SET CHARACTER_SET_RESULTS=@OLD_CHARACTER_SET_RESULTS */;
/*!40101 SET COLLATION_CONNECTION=@OLD_COLLATION_CONNECTION */;
